<?xml version="1.0" encoding="UTF-8"?>
<config>
    <acl>
        <resources>
            <admin>
                <children>
                    <system>
                        <children>
                            <config>
                                <children>
                                    <ordercomment>
                                        <title>CDR Order Comment</title>
                                    </ordercomment>
                                </children>
                            </config>
                        </children>
                    </system>
                </children>
            </admin>
        </resources>
    </acl>
</config>