<?xml version="1.0"?>
<config>
    <sections>
        <dev>
            <groups>
                <js>
                    <fields>
                        <meanbee_footer_js_enabled translate="label">
                            <label>Move JavaScript to Footer</label>
                            <frontend_type>select</frontend_type>
                            <source_model>adminhtml/system_config_source_yesno</source_model>
                            <sort_order>20</sort_order>
                            <show_in_default>1</show_in_default>
                            <show_in_website>1</show_in_website>
                            <show_in_store>1</show_in_store>
                        </meanbee_footer_js_enabled>
                        <meanbee_footer_js_excluded_blocks translate="label comment">
                            <label>FooterJS Excluded Blocks</label>
                            <frontend_type>textarea</frontend_type>
                            <comment><![CDATA[Enter block names separated with a comma. All JS from these blocks will stay untouched and will not be moved to footer.<br/><strong>Warning:</strong> JS libraries are moved to footer, so please be careful when you are excluding JS, which has dependencies.]]></comment>
                            <sort_order>30</sort_order>
                            <show_in_default>1</show_in_default>
                            <show_in_website>1</show_in_website>
                            <show_in_store>1</show_in_store>
                        </meanbee_footer_js_excluded_blocks>
                        <meanbee_footer_js_excluded_files translate="label comment">
                            <label>FooterJS Excluded Files</label>
                            <frontend_type>textarea</frontend_type>
                            <comment><![CDATA[Enter script files separated with a comma. All includes for these files will stay untouched and will not be moved to footer.]]></comment>
                            <sort_order>31</sort_order>
                            <show_in_default>1</show_in_default>
                            <show_in_website>1</show_in_website>
                            <show_in_store>1</show_in_store>
                        </meanbee_footer_js_excluded_files>
                    </fields>
                </js>
            </groups>
        </dev>
    </sections>
</config>
