<?xml version="1.0"?>
<config>
    <sections>
        <po_loginascustomer translate='label' module='po_loginascustomer'>
            <label>Login As Customer</label>
            <tab>po_core</tab>
            <frontend_type>text</frontend_type>
            <sort_order>1100</sort_order>
            <show_in_default>1</show_in_default>
            <show_in_website>0</show_in_website>
            <show_in_store>0</show_in_store>
            <groups>
                <permission translate="label">
                    <label>Permissions</label>
                    <show_in_default>1</show_in_default>
                    <show_in_website>0</show_in_website>
                    <show_in_store>0</show_in_store>
                    <sort_order>10</sort_order>
                    <fields>
                        <allow_for_users translate="label">
                            <label>Allow for users</label>
                            <show_in_default>1</show_in_default>
                            <show_in_website>0</show_in_website>
                            <show_in_store>0</show_in_store>
                            <frontend_type>multiselect</frontend_type>
                            <source_model>po_loginascustomer/source_permission_user</source_model>
                            <sort_order>10</sort_order>
                        </allow_for_users>
                    </fields>
                </permission>
            </groups>
        </po_loginascustomer>
    </sections>
</config>