<?xml version="1.0"?>
<!--
/**
 * @category   Apptrian
 * @package    Apptrian_Subcategories
 * @author     Apptrian
 * @copyright  Copyright (c) 2015 Apptrian (http://www.apptrian.com)
 * @license    http://opensource.org/licenses/osl-3.0.php  Open Software License (OSL 3.0)
 */
-->
<config>
    <modules>
        <Apptrian_Subcategories>
            <active>true</active>
            <codePool>community</codePool>
            <depends>
                <Mage_Catalog />
            </depends>
        </Apptrian_Subcategories>
    </modules>
</config>