<?xml version="1.0" encoding="UTF-8"?>
<config>
   <sections>         
		<catalog translate="label">
			<groups>
				<chapagain_quickorder translate="label" module="quickorder">
					<label>Quick Order</label>
					<frontend_type>text</frontend_type>
					<sort_order>10</sort_order>
					<show_in_default>1</show_in_default>
					<show_in_website>1</show_in_website>
					<show_in_store>1</show_in_store>
					<fields>						
						<show_in_cart translate="label comment">
							<label>Show in Cart</label>
							<comment>Show in Shopping Cart Page</comment>
							<frontend_type>select</frontend_type>
							<source_model>adminhtml/system_config_source_yesno</source_model>
							<sort_order>30</sort_order>
							<show_in_default>1</show_in_default>
							<show_in_website>1</show_in_website>
							<show_in_store>1</show_in_store>
						</show_in_cart>
						<show_in_left_sidebar translate="label comment">
							<label>Show in Left Sidebar</label>
							<!--<comment>Show in Left Sidebar</comment>-->
							<frontend_type>select</frontend_type>
							<source_model>adminhtml/system_config_source_yesno</source_model>
							<sort_order>30</sort_order>
							<show_in_default>1</show_in_default>
							<show_in_website>1</show_in_website>
							<show_in_store>1</show_in_store>
						</show_in_left_sidebar>
						<show_in_right_sidebar translate="label comment">
							<label>Show in Right Sidebar</label>
							<!--<comment>Show in Right Sidebar</comment>-->
							<frontend_type>select</frontend_type>
							<source_model>adminhtml/system_config_source_yesno</source_model>
							<sort_order>40</sort_order>
							<show_in_default>1</show_in_default>
							<show_in_website>1</show_in_website>
							<show_in_store>1</show_in_store>
						</show_in_right_sidebar>
					</fields>
				</chapagain_quickorder>
			</groups>						
		</catalog>			
    </sections>
</config>
