<config>
    <sections>
        <debug translate="label" module="debug">
            <label>Debug Toolbar</label>
            <tab>advanced</tab>
            <sort_order>100</sort_order>
            <show_in_default>1</show_in_default>
            <show_in_website>1</show_in_website>
            <show_in_store>1</show_in_store>

            <groups>
                <options translate="label">
                    <label>Debug Toolbar Options</label>
                    <sort_order>100</sort_order>
                    <show_in_default>1</show_in_default>
                    <show_in_website>1</show_in_website>
                    <show_in_store>1</show_in_store>
                    <expanded>1</expanded>
                    <fields>
                        <enable>
                            <label>Enable Debug Toolbar</label>
                            <frontend_type>select</frontend_type>
                            <source_model>adminhtml/system_config_source_yesno</source_model>
                            <sort_order>1</sort_order>
                            <show_in_default>1</show_in_default>
                            <show_in_website>1</show_in_website>
                            <show_in_store>1</show_in_store>
                            <comment><![CDATA[Display Debug Toolbar if set to Yes and client's ip is whitelisted in 
                                System / Configuration / Developer / Developer Client Restrictions - Allowed IPS.]]></comment>
                        </enable>
                    </fields>
                </options>
            </groups>
        </debug>
    </sections>
</config>

