<?xml version="1.0"?>
<config>
	<menu>
		<cws module="newproducts">
		<title>MageBees</title>
		<sort_order>70</sort_order> 
			<children>
				<newproducts module="newproducts">
					<title>New Products</title>
					<sort_order>70</sort_order>               
					<children>
						<groups module="newproducts">
							<title>Manage New Products</title>
							<sort_order>10</sort_order>
							<action>adminhtml/newproducts</action>
						</groups>
						<settings>
							<title>Settings</title>
							<sort_order>20</sort_order>
							<action>adminhtml/system_config/edit/section/newproducts</action>
						</settings>
					</children>
				</newproducts>
			</children>
		</cws>
	</menu>
	<acl>
		<resources>
			<admin>
				<children>
					<system>
						<children>
							<config>
								<children>
									<newproducts>
										<title>New Products Section</title>
									</newproducts>
								</children>
							</config>
						</children>
					</system>
				</children>
			</admin>
		</resources>
	</acl>
</config>