<?xml version="1.0"?>
<!--
/**
* Unicode Systems
* @category   Uni
* @package    Uni_Fileuploader
* @copyright  Copyright (c) 2010-2011 Unicode Systems. (http://www.unicodesystems.in)
* @license    http://opensource.org/licenses/afl-3.0.php  Academic Free License (AFL 3.0)
*/
-->
<config>
    <sections>
        <fileuploader translate="label">
            <label>Product Attachment</label>
            <tab>unicode_extensions</tab>
            <show_in_default>1</show_in_default>
            <show_in_website>1</show_in_website>
            <show_in_store>1</show_in_store>
            <sort_order>100</sort_order>
            <groups>
                <general translate="label">
                    <label>General Setting</label>
                    <frontend_type>text</frontend_type>
                    <show_in_default>1</show_in_default>
                    <show_in_website>1</show_in_website>
                    <show_in_store>1</show_in_store>
                    <fields>
                        <enabled translate="label">
                            <label>Enabled</label>
                            <frontend_type>select</frontend_type>
                            <source_model>adminhtml/system_config_source_yesno</source_model>
                            <sort_order>2</sort_order>
                            <show_in_default>1</show_in_default>
                            <show_in_website>1</show_in_website>
                            <show_in_store>1</show_in_store>
                        </enabled>
                    </fields>
                </general>
            </groups>
        </fileuploader>
    </sections>
</config>