<?xml version="1.0"?>
<config>
    <acl>
        <resources>
            <admin>
                <children>
                    <system>
                        <children>
                            <config>
                                <children>
                                    <po_core>
                                        <title>POTATOCOMMERCE</title>
                                    </po_core>
                                </children>
                            </config>
                        </children>
                    </system>
                </children>
            </admin>
        </resources>
    </acl>
    <translate>
        <modules>
            <Potato_Core>
                <files>
                    <default>Potato_Core.csv</default>
                </files>
            </Potato_Core>
        </modules>
    </translate>
</config>